種族A,種族B,合体結果
魔神,魔神,-
魔神,女神,*
魔神,天魔,-
魔神,鬼神,-
魔神,鬼女,女神
魔神,妖魔,女神
魔神,夜魔,妖魔
魔神,妖精,夜魔
魔神,セラフ,-
魔神,天使,女神
魔神,堕天使,天魔
魔神,龍神,天魔
魔神,龍王,鬼神
魔神,霊鳥,天使
魔神,妖鳥,堕天使
魔神,神獣,龍神
魔神,聖獣,龍王
魔神,魔獣,神獣
魔神,闘鬼,鬼神
魔神,妖鬼,闘鬼
魔神,地霊,妖鬼
魔神,獣人,魔獣
女神,魔神,*
女神,女神,-
女神,天魔,-
女神,鬼神,-
女神,鬼女,妖精
女神,妖魔,天魔
女神,夜魔,地霊
女神,妖精,妖魔
女神,セラフ,-
女神,天使,堕天使
女神,堕天使,天魔
女神,龍神,鬼女
女神,龍王,龍神
女神,霊鳥,天使
女神,妖鳥,堕天使
女神,神獣,龍神
女神,聖獣,龍王
女神,魔獣,神獣
女神,闘鬼,鬼女
女神,妖鬼,闘鬼
女神,地霊,妖鬼
女神,獣人,龍王
天魔,魔神,-
天魔,女神,-
天魔,天魔,-
天魔,鬼神,*
天魔,鬼女,*
天魔,妖魔,女神
天魔,夜魔,堕天使
天魔,妖精,妖魔
天魔,セラフ,-
天魔,天使,外道
天魔,堕天使,妖魔
天魔,龍神,鬼神
天魔,龍王,龍神
天魔,霊鳥,天使
天魔,妖鳥,堕天使
天魔,神獣,龍神
天魔,聖獣,龍王
天魔,魔獣,神獣
天魔,闘鬼,鬼神
天魔,妖鬼,闘鬼
天魔,地霊,妖鬼
天魔,獣人,邪龍
鬼神,魔神,-
鬼神,女神,-
鬼神,天魔,*
鬼神,鬼神,-
鬼神,鬼女,*
鬼神,妖魔,鬼女
鬼神,夜魔,堕天使
鬼神,妖精,鬼女
鬼神,セラフ,天魔
鬼神,天使,鬼女
鬼神,堕天使,夜魔
鬼神,龍神,天魔
鬼神,龍王,龍神
鬼神,霊鳥,龍王
鬼神,妖鳥,鬼女
鬼神,神獣,龍神
鬼神,聖獣,龍王
鬼神,魔獣,神獣
鬼神,闘鬼,龍神
鬼神,妖鬼,龍王
鬼神,地霊,闘鬼
鬼神,獣人,神獣
鬼女,魔神,女神
鬼女,女神,妖精
鬼女,天魔,*
鬼女,鬼神,*
鬼女,鬼女,ウンディーネ
鬼女,妖魔,夜魔
鬼女,夜魔,堕天使
鬼女,妖精,夜魔
鬼女,セラフ,女神
鬼女,天使,女神
鬼女,堕天使,闘鬼
鬼女,龍神,鬼神
鬼女,龍王,女神
鬼女,霊鳥,妖鬼
鬼女,妖鳥,妖魔
鬼女,神獣,鬼神
鬼女,聖獣,龍王
鬼女,魔獣,神獣
鬼女,闘鬼,龍王
鬼女,妖鬼,闘鬼
鬼女,地霊,妖鬼
鬼女,獣人,邪龍
妖魔,魔神,女神
妖魔,女神,天魔
妖魔,天魔,女神
妖魔,鬼神,鬼女
妖魔,鬼女,夜魔
妖魔,妖魔,エアロス
妖魔,夜魔,*
妖魔,妖精,*
妖魔,セラフ,魔神
妖魔,天使,堕天使
妖魔,堕天使,夜魔
妖魔,龍神,鬼女
妖魔,龍王,霊鳥
妖魔,霊鳥,龍王
妖魔,妖鳥,堕天使
妖魔,神獣,獣人
妖魔,聖獣,邪龍
妖魔,魔獣,妖鬼
妖魔,闘鬼,鬼女
妖魔,妖鬼,闘鬼
妖魔,地霊,妖鬼
妖魔,獣人,魔獣
夜魔,魔神,妖魔
夜魔,女神,地霊
夜魔,天魔,堕天使
夜魔,鬼神,堕天使
夜魔,鬼女,堕天使
夜魔,妖魔,*
夜魔,夜魔,アーシーズ
夜魔,妖精,*
夜魔,セラフ,魔神
夜魔,天使,堕天使
夜魔,堕天使,妖魔
夜魔,龍神,龍王
夜魔,龍王,邪龍
夜魔,霊鳥,凶鳥
夜魔,妖鳥,凶鳥
夜魔,神獣,魔獣
夜魔,聖獣,獣人
夜魔,魔獣,妖獣
夜魔,闘鬼,鬼女
夜魔,妖鬼,邪鬼
夜魔,地霊,悪霊
夜魔,獣人,幽鬼
妖精,魔神,夜魔
妖精,女神,妖魔
妖精,天魔,妖魔
妖精,鬼神,鬼女
妖精,鬼女,夜魔
妖精,妖魔,*
妖精,夜魔,*
妖精,妖精,アクアンズ
妖精,セラフ,天使
妖精,天使,女神
妖精,堕天使,天使
妖精,龍神,神獣
妖精,龍王,聖獣
妖精,霊鳥,天使
妖精,妖鳥,堕天使
妖精,神獣,龍王
妖精,聖獣,魔獣
妖精,魔獣,聖獣
妖精,闘鬼,鬼女
妖精,妖鬼,妖魔
妖精,地霊,妖鬼
妖精,獣人,妖鬼
セラフ,魔神,-
セラフ,女神,-
セラフ,天魔,-
セラフ,鬼神,天魔
セラフ,鬼女,女神
セラフ,妖魔,魔神
セラフ,夜魔,魔神
セラフ,妖精,天使
セラフ,セラフ,-
セラフ,天使,*
セラフ,堕天使,*
セラフ,龍神,天魔
セラフ,龍王,龍神
セラフ,霊鳥,女神
セラフ,妖鳥,霊鳥
セラフ,神獣,龍神
セラフ,聖獣,神獣
セラフ,魔獣,聖獣
セラフ,闘鬼,妖魔
セラフ,妖鬼,妖魔
セラフ,地霊,妖精
セラフ,獣人,妖鬼
天使,魔神,女神
天使,女神,堕天使
天使,天魔,外道
天使,鬼神,鬼女
天使,鬼女,女神
天使,妖魔,堕天使
天使,夜魔,堕天使
天使,妖精,女神
天使,セラフ,*
天使,天使,シルフ
天使,堕天使,*
天使,龍神,天魔
天使,龍王,聖獣
天使,霊鳥,女神
天使,妖鳥,霊鳥
天使,神獣,龍神
天使,聖獣,神獣
天使,魔獣,聖獣
天使,闘鬼,妖魔
天使,妖鬼,妖魔
天使,地霊,妖精
天使,獣人,妖鬼
堕天使,魔神,天魔
堕天使,女神,天魔
堕天使,天魔,妖魔
堕天使,鬼神,夜魔
堕天使,鬼女,闘鬼
堕天使,妖魔,夜魔
堕天使,夜魔,妖魔
堕天使,妖精,天使
堕天使,セラフ,*
堕天使,天使,*
堕天使,堕天使,フレイミーズ
堕天使,龍神,邪龍
堕天使,龍王,鬼女
堕天使,霊鳥,妖魔
堕天使,妖鳥,夜魔
堕天使,神獣,妖魔
堕天使,聖獣,魔獣
堕天使,魔獣,獣人
堕天使,闘鬼,鬼女
堕天使,妖鬼,幽鬼
堕天使,地霊,邪鬼
堕天使,獣人,妖獣
龍神,魔神,天魔
龍神,女神,鬼女
龍神,天魔,鬼神
龍神,鬼神,天魔
龍神,鬼女,鬼神
龍神,妖魔,鬼女
龍神,夜魔,龍王
龍神,妖精,神獣
龍神,セラフ,天魔
龍神,天使,天魔
龍神,堕天使,邪龍
龍神,龍神,-
龍神,龍王,*
龍神,霊鳥,天魔
龍神,妖鳥,鬼神
龍神,神獣,龍王
龍神,聖獣,龍王
龍神,魔獣,龍王
龍神,闘鬼,鬼神
龍神,妖鬼,闘鬼
龍神,地霊,邪龍
龍神,獣人,天魔
龍王,魔神,鬼神
龍王,女神,龍神
龍王,天魔,龍神
龍王,鬼神,龍神
龍王,鬼女,女神
龍王,妖魔,霊鳥
龍王,夜魔,邪龍
龍王,妖精,聖獣
龍王,セラフ,龍神
龍王,天使,聖獣
龍王,堕天使,鬼女
龍王,龍神,*
龍王,龍王,ウンディーネ
龍王,霊鳥,龍神
龍王,妖鳥,鬼女
龍王,神獣,霊鳥
龍王,聖獣,神獣
龍王,魔獣,聖獣
龍王,闘鬼,鬼神
龍王,妖鬼,闘鬼
龍王,地霊,妖鬼
龍王,獣人,魔獣
霊鳥,魔神,天使
霊鳥,女神,天使
霊鳥,天魔,天使
霊鳥,鬼神,龍王
霊鳥,鬼女,妖鬼
霊鳥,妖魔,龍王
霊鳥,夜魔,凶鳥
霊鳥,妖精,天使
霊鳥,セラフ,女神
霊鳥,天使,女神
霊鳥,堕天使,妖魔
霊鳥,龍神,天魔
霊鳥,龍王,龍神
霊鳥,霊鳥,シルフ
霊鳥,妖鳥,*
霊鳥,神獣,龍神
霊鳥,聖獣,神獣
霊鳥,魔獣,聖獣
霊鳥,闘鬼,神獣
霊鳥,妖鬼,夜魔
霊鳥,地霊,妖獣
霊鳥,獣人,魔獣
妖鳥,魔神,堕天使
妖鳥,女神,堕天使
妖鳥,天魔,堕天使
妖鳥,鬼神,鬼女
妖鳥,鬼女,妖魔
妖鳥,妖魔,堕天使
妖鳥,夜魔,凶鳥
妖鳥,妖精,堕天使
妖鳥,セラフ,霊鳥
妖鳥,天使,霊鳥
妖鳥,堕天使,夜魔
妖鳥,龍神,鬼神
妖鳥,龍王,鬼女
妖鳥,霊鳥,*
妖鳥,妖鳥,エアロス
妖鳥,神獣,霊鳥
妖鳥,聖獣,霊鳥
妖鳥,魔獣,妖鬼
妖鳥,闘鬼,鬼女
妖鳥,妖鬼,堕天使
妖鳥,地霊,凶鳥
妖鳥,獣人,妖鬼
神獣,魔神,龍神
神獣,女神,龍神
神獣,天魔,龍神
神獣,鬼神,龍神
神獣,鬼女,鬼神
神獣,妖魔,獣人
神獣,夜魔,魔獣
神獣,妖精,龍王
神獣,セラフ,龍神
神獣,天使,龍神
神獣,堕天使,妖魔
神獣,龍神,龍王
神獣,龍王,霊鳥
神獣,霊鳥,龍神
神獣,妖鳥,霊鳥
神獣,神獣,サラマンダー
神獣,聖獣,*
神獣,魔獣,*
神獣,闘鬼,鬼神
神獣,妖鬼,龍王
神獣,地霊,龍王
神獣,獣人,龍王
聖獣,魔神,龍王
聖獣,女神,龍王
聖獣,天魔,龍王
聖獣,鬼神,龍王
聖獣,鬼女,龍王
聖獣,妖魔,邪龍
聖獣,夜魔,獣人
聖獣,妖精,魔獣
聖獣,セラフ,神獣
聖獣,天使,神獣
聖獣,堕天使,魔獣
聖獣,龍神,龍王
聖獣,龍王,神獣
聖獣,霊鳥,神獣
聖獣,妖鳥,霊鳥
聖獣,神獣,*
聖獣,聖獣,フレイミーズ
聖獣,魔獣,*
聖獣,闘鬼,神獣
聖獣,妖鬼,魔獣
聖獣,地霊,魔獣
聖獣,獣人,妖獣
魔獣,魔神,神獣
魔獣,女神,神獣
魔獣,天魔,神獣
魔獣,鬼神,神獣
魔獣,鬼女,神獣
魔獣,妖魔,妖鬼
魔獣,夜魔,妖獣
魔獣,妖精,聖獣
魔獣,セラフ,聖獣
魔獣,天使,聖獣
魔獣,堕天使,獣人
魔獣,龍神,龍王
魔獣,龍王,聖獣
魔獣,霊鳥,聖獣
魔獣,妖鳥,妖鬼
魔獣,神獣,*
魔獣,聖獣,*
魔獣,魔獣,フレイミーズ
魔獣,闘鬼,獣人
魔獣,妖鬼,闘鬼
魔獣,地霊,聖獣
魔獣,獣人,聖獣
闘鬼,魔神,鬼神
闘鬼,女神,鬼女
闘鬼,天魔,鬼神
闘鬼,鬼神,龍神
闘鬼,鬼女,龍王
闘鬼,妖魔,鬼女
闘鬼,夜魔,鬼女
闘鬼,妖精,鬼女
闘鬼,セラフ,妖魔
闘鬼,天使,妖魔
闘鬼,堕天使,鬼女
闘鬼,龍神,鬼神
闘鬼,龍王,鬼神
闘鬼,霊鳥,神獣
闘鬼,妖鳥,鬼女
闘鬼,神獣,鬼神
闘鬼,聖獣,神獣
闘鬼,魔獣,獣人
闘鬼,闘鬼,ノーム
闘鬼,妖鬼,*
闘鬼,地霊,*
闘鬼,獣人,鬼神
妖鬼,魔神,闘鬼
妖鬼,女神,闘鬼
妖鬼,天魔,闘鬼
妖鬼,鬼神,龍王
妖鬼,鬼女,闘鬼
妖鬼,妖魔,闘鬼
妖鬼,夜魔,邪鬼
妖鬼,妖精,妖魔
妖鬼,セラフ,妖魔
妖鬼,天使,妖魔
妖鬼,堕天使,幽鬼
妖鬼,龍神,闘鬼
妖鬼,龍王,闘鬼
妖鬼,霊鳥,夜魔
妖鬼,妖鳥,堕天使
妖鬼,神獣,龍王
妖鬼,聖獣,魔獣
妖鬼,魔獣,闘鬼
妖鬼,闘鬼,*
妖鬼,妖鬼,ノーム
妖鬼,地霊,*
妖鬼,獣人,妖魔
地霊,魔神,妖鬼
地霊,女神,妖鬼
地霊,天魔,妖鬼
地霊,鬼神,闘鬼
地霊,鬼女,妖鬼
地霊,妖魔,妖鬼
地霊,夜魔,悪霊
地霊,妖精,妖鬼
地霊,セラフ,妖精
地霊,天使,妖精
地霊,堕天使,邪鬼
地霊,龍神,邪龍
地霊,龍王,妖鬼
地霊,霊鳥,妖獣
地霊,妖鳥,凶鳥
地霊,神獣,龍王
地霊,聖獣,魔獣
地霊,魔獣,聖獣
地霊,闘鬼,*
地霊,妖鬼,*
地霊,地霊,アーシーズ
地霊,獣人,妖精
獣人,魔神,魔獣
獣人,女神,龍王
獣人,天魔,邪龍
獣人,鬼神,神獣
獣人,鬼女,邪龍
獣人,妖魔,魔獣
獣人,夜魔,幽鬼
獣人,妖精,妖鬼
獣人,セラフ,妖鬼
獣人,天使,妖鬼
獣人,堕天使,妖獣
獣人,龍神,天魔
獣人,龍王,魔獣
獣人,霊鳥,魔獣
獣人,妖鳥,妖鬼
獣人,神獣,龍王
獣人,聖獣,妖獣
獣人,魔獣,聖獣
獣人,闘鬼,鬼神
獣人,妖鬼,妖魔
獣人,地霊,妖精
獣人,獣人,-
